Exercício;Mês;RF;UA;Valor
2019;Janeiro;1ª;AEROPORTO INTERNACIONAL DE BRASÍLIA;1364570,88
2019;Janeiro;1ª;MUNDO NOVO;2217500
2019;Janeiro;1ª;PONTA PORÃ;15036870,83
2019;Janeiro;2ª;RIO BRANCO;860882,72
2019;Janeiro;2ª;BOA VISTA;4952,1
2019;Janeiro;4ª;JOÃO PESSOA;145090
2019;Janeiro;7ª;NITERÓI;100
2019;Janeiro;8ª;ARAÇATUBA;461240
2019;Janeiro;8ª;LIMEIRA;842389,23
2019;Janeiro;8ª;PIRACICABA;1014131,51
2019;Janeiro;8ª;PORTO DE SANTOS;6100,11
2019;Janeiro;9ª;FLORIANÓPOLIS;8193700
2019;Janeiro;10ª;NOVO HAMBURGO;2450
2019;Janeiro;10ª;SANTO ÂNGELO;600
2019;Fevereiro;1ª;GOIÂNIA;13386652
2019;Fevereiro;1ª;MUNDO NOVO;2964753,4
2019;Fevereiro;1ª;PONTA PORÃ;3423000
2019;Fevereiro;4ª;JOÃO PESSOA;961880
2019;Fevereiro;5ª;SALVADOR;1491982,4
2019;Fevereiro;6ª;UBERABA;8182000
2019;Fevereiro;8ª;ARAÇATUBA;2476800
2019;Fevereiro;8ª;FRANCA;155005
2019;Fevereiro;8ª;AEROPORTO INTERNACIONAL DE SÃO PAULO;405,23
2019;Fevereiro;8ª;PORTO DE SANTOS;32315,32
2019;Fevereiro;8ª;SÃO PAULO;9594585
2019;Fevereiro;9ª;FOZ DO IGUAÇU;8454533,88
2019;Fevereiro;10ª;NOVO HAMBURGO;6400
2019;Fevereiro;10ª;PORTO ALEGRE;4998300
2019;Março;1ª;AEROPORTO INTERNACIONAL DE BRASÍLIA;1787,7
2019;Março;1ª;MUNDO NOVO;3812500
2019;Março;1ª;PONTA PORÃ;15535000
2019;Março;2ª;BOA VISTA;2173,9
2019;Março;3ª;FORTALEZA;3384158,22
2019;Março;5ª;ARACAJU;7077606,2
2019;Março;6ª;BELO HORIZONTE;5733999,61
2019;Março;7ª;PORTO DE VITÓRIA;2485000
2019;Março;8ª;PRESIDENTE PRUDENTE;2589601,48
2019;Março;8ª;TAUBATÉ;5258153,98
2019;Março;8ª;SOROCABA;11724099,57
2019;Março;8ª;ARARAQUARA;2392044,06
2019;Março;8ª;JUNDIAÍ;19859
2019;Março;8ª;AEROPORTO INTERNACIONAL DE SÃO PAULO;989,45
2019;Março;8ª;PORTO DE SANTOS;22592,56
2019;Março;9ª;FOZ DO IGUAÇU;6860155,06
2019;Março;9ª;JOAÇABA;7499861,8
2019;Março;10ª;PASSO FUNDO;1356385
2019;Março;10ª;SANTANA DO LIVRAMENTO;1770353,5
2019;Abril;1ª;AEROPORTO INTERNACIONAL DE BRASÍLIA;827068,98
2019;Abril;1ª;CAMPO GRANDE;31898079,1
2019;Abril;1ª;MUNDO NOVO;22946866,7
2019;Abril;1ª;PONTA PORÃ;3827673
2019;Abril;4ª;MACEIÓ;530687,5
2019;Abril;6ª;UBERABA;5875000
2019;Abril;6ª;BELO HORIZONTE;292355
2019;Abril;7ª;NITERÓI;4000
2019;Abril;8ª;ARAÇATUBA;705300
2019;Abril;8ª;MARÍLIA;2102500
2019;Abril;8ª;JUNDIAÍ;740
2019;Abril;8ª;AEROPORTO INTERNACIONAL DE VIRACOPOS;95,48
2019;Abril;8ª;SÃO PAULO;783140
2019;Abril;9ª;FOZ DO IGUAÇU;13815340,2
2019;Abril;9ª;LAGES;66020
2019;Abril;10ª;SANTA MARIA;2504050,88
2019;Abril;10ª;PASSO FUNDO;847420
2019;Maio;1ª;AEROPORTO INTERNACIONAL DE BRASÍLIA;336618,8
2019;Maio;1ª;ANÁPOLIS;221855
2019;Maio;1ª;CAMPO GRANDE;22308200
2019;Maio;1ª;MUNDO NOVO;9952500
2019;Maio;1ª;PONTA PORÃ;3590345,8
2019;Maio;2ª;BOA VISTA;521,6
2019;Maio;3ª;JUAZEIRO DO NORTE;2287636,55
2019;Maio;3ª;IMPERATRIZ;3940000
2019;Maio;4ª;RECIFE;4435235,5
2019;Maio;6ª;JUIZ DE FORA;714382,7
2019;Maio;7ª;CAMPOS DOS GOYTACAZES;22318
2019;Maio;8ª;ARAÇATUBA;491200
2019;Maio;8ª;PRESIDENTE PRUDENTE;1544772,88
2019;Maio;8ª;SÃO JOSÉ DO RIO PRETO;31210579,57
2019;Maio;8ª;SOROCABA;10363829,71
2019;Maio;8ª;LIMEIRA;257035,38
2019;Maio;8ª;MARÍLIA;3002881,8
2019;Maio;8ª;AEROPORTO INTERNACIONAL DE SÃO PAULO;8059,85
2019;Maio;8ª;PORTO DE SANTOS;373438,16
2019;Maio;9ª;CASCAVEL;38167359,52
2019;Maio;10ª;SANTA MARIA;5819500
2019;Maio;10ª;CAXIAS DO SUL;1167707,32
2019;Maio;10ª;NOVO HAMBURGO;31264
2019;Maio;10ª;SANTA CRUZ DO SUL;2592974,1
2019;Maio;10ª;PORTO ALEGRE;1903420
2019;Maio;10ª;SANTANA DO LIVRAMENTO;300300,38
2019;Junho;1ª;AEROPORTO INTERNACIONAL DE BRASÍLIA;991800
2019;Junho;1ª;MUNDO NOVO;3222500
2019;Junho;2ª;MACAPÁ;2485
2019;Junho;2ª;BOA VISTA;8278,3
2019;Junho;3ª;FORTALEZA;4158826,8
2019;Junho;5ª;FEIRA DE SANTANA;1349360,6
2019;Junho;5ª;VITÓRIA DA CONQUISTA;13123350
2019;Junho;5ª;ARACAJU;52450
2019;Junho;6ª;JUIZ DE FORA;471700
2019;Junho;6ª;MONTES CLAROS;1808573,17
2019;Junho;6ª;POÇOS DE CALDAS;7619435
2019;Junho;6ª;BELO HORIZONTE;7011307
2019;Junho;7ª;NOVA IGUAÇU;1068328
2019;Junho;8ª;BAURU;1165530,75
2019;Junho;8ª;LIMEIRA;694237,83
2019;Junho;8ª;ARARAQUARA;5695968,37
2019;Junho;8ª;FRANCA;2518615
2019;Junho;8ª;PIRACICABA;20396962,74
2019;Junho;8ª;AEROPORTO INTERNACIONAL DE SÃO PAULO;5842,45
2019;Junho;8ª;PORTO DE SANTOS;91071,26
2019;Junho;8ª;SÃO PAULO;907285
2019;Junho;9ª;LONDRINA;26088418,25
2019;Junho;9ª;MARINGÁ;15948309,42
2019;Junho;9ª;FOZ DO IGUAÇU;1080384,2
2019;Junho;10ª;NOVO HAMBURGO;80515
2019;Junho;10ª;URUGUAIANA;325
2019;Junho;10ª;PORTO ALEGRE;3996230
2019;Julho;1ª;CAMPO GRANDE;17575900
2019;Julho;1ª;PONTA PORÃ;12331050
2019;Julho;2ª;BOA VISTA;769,64
2019;Julho;6ª;UBERABA;11237500
2019;Julho;7ª;NITERÓI;3934
2019;Julho;8ª;TAUBATÉ;26115
2019;Julho;8ª;MARÍLIA;3150000
2019;Julho;8ª;JUNDIAÍ;115250
2019;Julho;8ª;PORTO DE SANTOS;1190
2019;Julho;8ª;SÃO PAULO;1000
2019;Julho;9ª;PONTA GROSSA;5971287,8
2019;Julho;9ª;FOZ DO IGUAÇU;16364198,04
2019;Julho;9ª;LAGES;287827,22
2019;Julho;10ª;PASSO FUNDO;1500150
2019;Julho;10ª;CAXIAS DO SUL;727614,88
2019;Julho;10ª;SANTO ÂNGELO;1451055
2019;Agosto;1ª;PONTA PORÃ;3111593
2019;Agosto;3ª;SOBRAL;26
2019;Agosto;3ª;FORTALEZA;1365
2019;Agosto;6ª;UBERABA;5500000
2019;Agosto;8ª;ARAÇATUBA;38253
2019;Agosto;8ª;TAUBATÉ;10191,5
2019;Agosto;8ª;MARÍLIA;3601687,2
2019;Agosto;8ª;AEROPORTO INTERNACIONAL DE SÃO PAULO;3599,12
2019;Agosto;8ª;AEROPORTO INTERNACIONAL DE VIRACOPOS;62,05
2019;Agosto;9ª;CURITIBA;11593178,06
2019;Agosto;9ª;LAGES;1035275
2019;Agosto;10ª;PELOTAS;2877559,75
2019;Agosto;10ª;SANTA CRUZ DO SUL;1691077,3
2019;Agosto;10ª;PORTO ALEGRE;5192240
2019;Setembro;1ª;MUNDO NOVO;13857500
2019;Setembro;1ª;PONTA PORÃ;2634170,7
2019;Setembro;2ª;RIO BRANCO;50
2019;Setembro;3ª;JUAZEIRO DO NORTE;6979,14
2019;Setembro;3ª;FORTALEZA;1846922,1
2019;Setembro;4ª;NATAL;504604,72
2019;Setembro;6ª;JUIZ DE FORA;2283629,75
2019;Setembro;8ª;ARAÇATUBA;553420
2019;Setembro;8ª;BAURU;6967500
2019;Setembro;8ª;TAUBATÉ;165998,6
2019;Setembro;8ª;SOROCABA;6371282,04
2019;Setembro;8ª;LIMEIRA;694450,02
2019;Setembro;8ª;AEROPORTO INTERNACIONAL DE SÃO PAULO;1625,37
2019;Setembro;8ª;AEROPORTO INTERNACIONAL DE VIRACOPOS;7,13
2019;Setembro;8ª;SÃO PAULO;372655,78
2019;Setembro;9ª;CASCAVEL;33371168,53
2019;Setembro;9ª;PONTA GROSSA;4910890
2019;Setembro;9ª;FOZ DO IGUAÇU;5359698,95
2019;Setembro;9ª;LAGES;119320
2019;Setembro;10ª;SANTA CRUZ DO SUL;1785537,5
2019;Setembro;10ª;PORTO DE RIO GRANDE;26,24
2019;Outubro;1ª;GOIÂNIA;1945000
2019;Outubro;2ª;PORTO DE MANAUS;223710,5
2019;Outubro;2ª;RIO BRANCO;4130,5
2019;Outubro;2ª;BOA VISTA;2170,32
2019;Outubro;3ª;FORTALEZA;1172850
2019;Outubro;4ª;NATAL;682518,2
2019;Outubro;5ª;VITÓRIA DA CONQUISTA;46610
2019;Outubro;6ª;BELO HORIZONTE;6420000
2019;Outubro;7ª;NOVA IGUAÇU;3635094
2019;Outubro;8ª;BAURU;8070561,35
2019;Outubro;8ª;PRESIDENTE PRUDENTE;765187,5
2019;Outubro;8ª;PORTO DE SANTOS;3031670
2019;Outubro;8ª;SÃO PAULO;800000
2019;Outubro;9ª;LONDRINA;7332091,77
2019;Outubro;9ª;PONTA GROSSA;3806939,97
2019;Outubro;9ª;JOAÇABA;7500000
2019;Outubro;9ª;FLORIANÓPOLIS;25979917,18
2019;Outubro;10ª;PASSO FUNDO;1500010
2019;Outubro;10ª;SANTO ÂNGELO;1676500
2019;Outubro;10ª;URUGUAIANA;1366,5
2019;Novembro;1ª;MUNDO NOVO;13022500
2019;Novembro;1ª;PONTA PORÃ;13193956,5
2019;Novembro;2ª;MACAPÁ;12060
2019;Novembro;5ª;ARACAJU;1038000
2019;Novembro;7ª;PORTO DE ITAGUAÍ;466,55
2019;Novembro;8ª;ARAÇATUBA;20396195
2019;Novembro;8ª;PRESIDENTE PRUDENTE;397797,2
2019;Novembro;8ª;MARÍLIA;12053014,5
2019;Novembro;8ª;AEROPORTO INTERNACIONAL DE SÃO PAULO;5277,62
2019;Novembro;8ª;AEROPORTO INTERNACIONAL DE VIRACOPOS;21,69
2019;Novembro;9ª;LONDRINA;2521130
2019;Novembro;9ª;CASCAVEL;7395185,89
2019;Novembro;9ª;MARINGÁ;25167313,56
2019;Novembro;9ª;FOZ DO IGUAÇU;51404662,8
2019;Novembro;9ª;PORTO DE PARANAGUÁ;113115
2019;Novembro;9ª;JOINVILLE;4652770,9
2019;Dezembro;1ª;AEROPORTO INTERNACIONAL DE BRASÍLIA;89815
2019;Dezembro;1ª;GOIÂNIA;2508026,7
2019;Dezembro;1ª;CUIABÁ;6045401,26
2019;Dezembro;1ª;MUNDO NOVO;2232500
2019;Dezembro;2ª;MACAPÁ;4825
2019;Dezembro;2ª;PORTO VELHO;48031,5
2019;Dezembro;3ª;FORTALEZA;2580140
2019;Dezembro;3ª;SÃO LUÍS;400
2019;Dezembro;4ª;RECIFE;4924065
2019;Dezembro;5ª;VITÓRIA DA CONQUISTA;6746710
2019;Dezembro;5ª;SALVADOR;9217669,52
2019;Dezembro;6ª;GOVERNADOR VALADARES;487220
2019;Dezembro;6ª;JUIZ DE FORA;23437
2019;Dezembro;6ª;UBERABA;1070
2019;Dezembro;7ª;VOLTA REDONDA;600
2019;Dezembro;8ª;BAURU;17011494,3
2019;Dezembro;8ª;PRESIDENTE PRUDENTE;1484541,83
2019;Dezembro;8ª;RIBEIRÃO PRETO;1767315,14
2019;Dezembro;8ª;MARÍLIA;5983235
2019;Dezembro;8ª;FRANCA;784434,5
2019;Dezembro;8ª;AEROPORTO INTERNACIONAL DE SÃO PAULO;6281,45
2019;Dezembro;8ª;AEROPORTO INTERNACIONAL DE VIRACOPOS;25,71
2019;Dezembro;9ª;LONDRINA;6520722
2019;Dezembro;9ª;CASCAVEL;6750950
2019;Dezembro;9ª;FOZ DO IGUAÇU;109730948,5
2019;Dezembro;9ª;JOAÇABA;9334705,86
2019;Dezembro;9ª;DIONÍSIO CERQUEIRA;4792449,2
2019;Dezembro;10ª;PELOTAS;815085
2019;Dezembro;10ª;CAXIAS DO SUL;1026592
2019;Dezembro;10ª;NOVO HAMBURGO;2275185
2019;Dezembro;10ª;URUGUAIANA;886,2
2019;Dezembro;10ª;PORTO DE RIO GRANDE;934845
2019;Dezembro;10ª;PORTO ALEGRE;238175
2020;Janeiro;1ª;GOIÂNIA;14161650,48
2020;Janeiro;1ª;PONTA PORÃ;5314470
2020;Janeiro;2ª;BOA VISTA;64787,97
2020;Janeiro;3ª;SOBRAL;450
2020;Janeiro;9ª;PONTA GROSSA;375000
2020;Janeiro;10ª;PELOTAS;280550
2020;Janeiro;10ª;CAXIAS DO SUL;975000
2020;Fevereiro;1ª;CAMPO GRANDE;5314674,9
2020;Fevereiro;1ª;MUNDO NOVO;33917910
2020;Fevereiro;1ª;PONTA PORÃ;49,6
2020;Fevereiro;2ª;BELÉM;225000
2020;Fevereiro;2ª;RIO BRANCO;232631,93
2020;Fevereiro;2ª;PORTO VELHO;476,4
2020;Fevereiro;2ª;BOA VISTA;12786,78
2020;Fevereiro;4ª;JOÃO PESSOA;16569265
2020;Fevereiro;8ª;ARAÇATUBA;377230
2020;Fevereiro;8ª;TAUBATÉ;87445,11
2020;Fevereiro;8ª;SOROCABA;3897560,76
2020;Fevereiro;8ª;ARARAQUARA;969079,75
2020;Fevereiro;8ª;AEROPORTO INTERNACIONAL DE SÃO PAULO;5424,64
2020;Fevereiro;8ª;AEROPORTO INTERNACIONAL DE VIRACOPOS;539,18
2020;Fevereiro;9ª;LONDRINA;8581648,96
2020;Fevereiro;9ª;PONTA GROSSA;10605044,2
2020;Fevereiro;9ª;FOZ DO IGUAÇU;24072890,84
2020;Fevereiro;9ª;CURITIBA;50
2020;Fevereiro;9ª;JOAÇABA;3339912,56
2020;Fevereiro;10ª;SANTA MARIA;2710186,23
2020;Fevereiro;10ª;PASSO FUNDO;1500000
2020;Fevereiro;10ª;CAXIAS DO SUL;1825000
2020;Março;1ª;CAMPO GRANDE;24770237
2020;Março;1ª;MUNDO NOVO;8978000
2020;Março;4ª;NATAL;5092500
2020;Março;8ª;PORTO DE SANTOS;1606499,87
2020;Março;9ª;CASCAVEL;15342618,43
2020;Março;10ª;PASSO FUNDO;1321200
2020;Março;10ª;CAXIAS DO SUL;1975000
2020;Março;10ª;NOVO HAMBURGO;575250
2020;Março;10ª;PORTO ALEGRE;5520745
2020;Abril;1ª;GOIÂNIA;18284450,14
2020;Abril;1ª;CAMPO GRANDE;1637950
2020;Abril;1ª;MUNDO NOVO;1890000
2020;Abril;2ª;BOA VISTA;76
2020;Abril;3ª;FORTALEZA;10674,94
2020;Abril;8ª;AEROPORTO INTERNACIONAL DE VIRACOPOS;66
2020;Abril;8ª;PORTO DE SANTOS;809584
2020;Abril;9ª;FOZ DO IGUAÇU;27728786,82
2020;Abril;10ª;URUGUAIANA;195,6
2020;Abril;10ª;PORTO ALEGRE;1240000
2020;Maio;1ª;GOIÂNIA;1382500
2020;Maio;1ª;ANÁPOLIS;13200
2020;Maio;8ª;AEROPORTO INTERNACIONAL DE SÃO PAULO;5075,07
2020;Maio;8ª;PORTO DE SANTOS;508312,8
2020;Maio;9ª;CASCAVEL;19791559,51
2020;Maio;9ª;MARINGÁ;9014597,6
2020;Maio;10ª;NOVO HAMBURGO;924640
2020;Maio;10ª;SANTO ÂNGELO;5
2020;Maio;10ª;SANTA CRUZ DO SUL;181842,4
2020;Maio;10ª;PORTO ALEGRE;1416940
2020;Junho;1ª;CAMPO GRANDE;2753850
2020;Junho;5ª;VITÓRIA DA CONQUISTA;33265,1
2020;Junho;7ª;NITERÓI;1445077,55
2020;Junho;7ª;NOVA IGUAÇU;1065947,4
2020;Junho;7ª;CAMPOS DOS GOYTACAZES;380241,2
2020;Junho;8ª;FRANCA;69626,4
2020;Junho;8ª;AEROPORTO INTERNACIONAL DE SÃO PAULO;9091,12
2020;Junho;8ª;PORTO DE SANTOS;243446
2020;Junho;9ª;LONDRINA;13024150
2020;Junho;9ª;CASCAVEL;25585839,9
2020;Junho;9ª;FOZ DO IGUAÇU;40841096,39
2020;Junho;9ª;JOAÇABA;1744165,45
2020;Junho;10ª;PELOTAS;8290620
2020;Junho;10ª;PASSO FUNDO;1500000
2020;Junho;10ª;CAXIAS DO SUL;2378400
2020;Junho;10ª;URUGUAIANA;167922,5
2020;Junho;10ª;PORTO DE RIO GRANDE;40
2020;Julho;1ª;CAMPO GRANDE;8500776
2020;Julho;1ª;MUNDO NOVO;31849550,2
2020;Julho;2ª;BOA VISTA;4203,48
2020;Julho;4ª;JOÃO PESSOA;1374550
2020;Julho;6ª;BELO HORIZONTE;3850000
2020;Julho;7ª;VOLTA REDONDA;1290366
2020;Julho;7ª;RIO DE JANEIRO;3161746
2020;Julho;9ª;LONDRINA;11891913,2
2020;Julho;9ª;FOZ DO IGUAÇU;10512716,51
2020;Julho;9ª;LAGES;7080
2020;Julho;9ª;FLORIANÓPOLIS;10824179,45
2020;Julho;10ª;SANTA MARIA;100
2020;Julho;10ª;URUGUAIANA;277500
2020;Julho;10ª;PORTO ALEGRE;2597450
2020;Julho;10ª;SANTANA DO LIVRAMENTO;808085,08
2020;Agosto;1ª;ANÁPOLIS;3300
2020;Agosto;2ª;RIO BRANCO;172636
2020;Agosto;2ª;BOA VISTA;1141,65
2020;Agosto;4ª;NATAL;1647500
2020;Agosto;6ª;BELO HORIZONTE;7280339,7
2020;Agosto;8ª;RIBEIRÃO PRETO;2960220
2020;Agosto;8ª;AEROPORTO INTERNACIONAL DE SÃO PAULO;2087,84
2020;Agosto;9ª;FOZ DO IGUAÇU;108188450,9
2020;Agosto;10ª;PELOTAS;2084700
2020;Agosto;10ª;SANTO ÂNGELO;1963045
2020;Setembro;1ª;CUIABÁ;10746658,74
2020;Setembro;1ª;CAMPO GRANDE;4208430,66
2020;Setembro;1ª;MUNDO NOVO;19340000
2020;Setembro;1ª;PONTA PORÃ;30093486,24
2020;Setembro;2ª;MACAPÁ;40400
2020;Setembro;2ª;BOA VISTA;15105,64
2020;Setembro;3ª;FORTALEZA;9246919,4
2020;Setembro;4ª;RECIFE;7496685
2020;Setembro;5ª;ARACAJU;4491850
2020;Setembro;6ª;BELO HORIZONTE;3186320
2020;Setembro;8ª;FRANCA;68480
2020;Setembro;8ª;PORTO DE SANTOS;750
2020;Setembro;9ª;LONDRINA;3245398,6
2020;Setembro;9ª;CASCAVEL;18529544,1
2020;Setembro;9ª;MARINGÁ;7348302,02
2020;Setembro;9ª;FOZ DO IGUAÇU;25176616,2
2020;Setembro;9ª;CURITIBA;4050775,12
2020;Setembro;9ª;JOINVILLE;5222900
2020;Setembro;9ª;PORTO DE ITAJAÍ;1570640,77
2020;Setembro;9ª;DIONÍSIO CERQUEIRA;1657291,3
2020;Setembro;10ª;URUGUAIANA;50
2020;Setembro;10ª;PORTO ALEGRE;1769130
2020;Outubro;1ª;AEROPORTO INTERNACIONAL DE BRASÍLIA;6494447,23
2020;Outubro;1ª;PONTA PORÃ;10340330,8
2020;Outubro;2ª;PORTO VELHO;125746,4
2020;Outubro;3ª;FORTALEZA;4217307,5
2020;Outubro;4ª;NATAL;19828879,64
2020;Outubro;6ª;BELO HORIZONTE;7794855,51
2020;Outubro;7ª;NITERÓI;1308
2020;Outubro;8ª;BAURU;9487240,8
2020;Outubro;8ª;AEROPORTO INTERNACIONAL DE SÃO PAULO;7645,05
2020;Outubro;9ª;FOZ DO IGUAÇU;55838639,84
2020;Outubro;9ª;JOAÇABA;1749432,94
2020;Outubro;10ª;NOVO HAMBURGO;763094,2
2020;Outubro;10ª;PORTO DE RIO GRANDE;337681,24
2020;Outubro;10ª;PORTO ALEGRE;5735967,4
2020;Novembro;1ª;CAMPO GRANDE;11516228,6
2020;Novembro;2ª;PORTO VELHO;31187,85
2020;Novembro;4ª;NATAL;9000000
2020;Novembro;5ª;VITÓRIA DA CONQUISTA;8047500
2020;Novembro;8ª;BAURU;17503545
2020;Novembro;8ª;AEROPORTO INTERNACIONAL DE SÃO PAULO;15637,45
2020;Novembro;9ª;LONDRINA;3456606,5
2020;Novembro;9ª;FOZ DO IGUAÇU;21985137,21
2020;Novembro;10ª;PELOTAS;951350
2020;Novembro;10ª;PORTO ALEGRE;1845500
2020;Dezembro;1ª;CUIABÁ;9804030,94
2020;Dezembro;1ª;PONTA PORÃ;6451672,5
2020;Dezembro;2ª;PORTO VELHO;152759,9
2020;Dezembro;2ª;BOA VISTA;3336,54
2020;Dezembro;3ª;JUAZEIRO DO NORTE;5237574,3
2020;Dezembro;3ª;SÃO LUÍS;46703120
2020;Dezembro;3ª;TERESINA;2000000
2020;Dezembro;4ª;NATAL;19392500
2020;Dezembro;5ª;SALVADOR;4791250
2020;Dezembro;6ª;GOVERNADOR VALADARES;12285
2020;Dezembro;6ª;VARGINHA;1457305
2020;Dezembro;6ª;UBERLÂNDIA;135060
2020;Dezembro;6ª;BELO HORIZONTE;9432967,59
2020;Dezembro;8ª;BAURU;27743700
2020;Dezembro;8ª;RIBEIRÃO PRETO;56685
2020;Dezembro;9ª;MARINGÁ;9667479,2
2020;Dezembro;9ª;FOZ DO IGUAÇU;44915115,59
2020;Dezembro;9ª;FLORIANÓPOLIS;6100514,5
2020;Dezembro;10ª;PELOTAS;1600
2020;Dezembro;10ª;SANTA MARIA;3564693,85
2020;Dezembro;10ª;CAXIAS DO SUL;1245650
2020;Dezembro;10ª;SANTO ÂNGELO;301090
2020;Dezembro;10ª;PORTO ALEGRE;5022235
2021;Janeiro;1ª;MUNDO NOVO;9815000
2021;Janeiro;2ª;PORTO VELHO;1585072,6
2021;Janeiro;3ª;TERESINA;5536000
2021;Janeiro;4ª;NATAL;889773,06
2021;Janeiro;8ª;BAURU;34136274,25
2021;Janeiro;8ª;LIMEIRA;259642,2
2021;Janeiro;9ª;FOZ DO IGUAÇU;3362255,34
2021;Janeiro;10ª;CAXIAS DO SUL;130070
2021;Fevereiro;1ª;GOIÂNIA;21151776,91
2021;Fevereiro;1ª;MUNDO NOVO;38723996,9
2021;Fevereiro;1ª;PONTA PORÃ;4450250
2021;Fevereiro;2ª;BOA VISTA;858
2021;Fevereiro;3ª;TERESINA;4644885
2021;Fevereiro;7ª;PORTO DE VITÓRIA;3171
2021;Fevereiro;8ª;FRANCA;2002700
2021;Fevereiro;8ª;PORTO DE SANTOS;16280
2021;Fevereiro;9ª;LONDRINA;4475513,76
2021;Fevereiro;9ª;PONTA GROSSA;2229115
2021;Fevereiro;9ª;MARINGÁ;5033408
2021;Fevereiro;9ª;CURITIBA;3059217
2021;Fevereiro;10ª;PORTO ALEGRE;8593250
2021;Março;1ª;MUNDO NOVO;6870000
2021;Março;1ª;PONTA PORÃ;5344194,98
2021;Março;3ª;FORTALEZA;11886695
2021;Março;8ª;BAURU;13986826,75
2021;Março;8ª;AEROPORTO INTERNACIONAL DE SÃO PAULO;9464,47
2021;Março;8ª;AEROPORTO INTERNACIONAL DE VIRACOPOS;35000
2021;Março;9ª;CASCAVEL;17899364,22
2021;Março;9ª;PONTA GROSSA;2126870
2021;Março;9ª;FOZ DO IGUAÇU;99224979,79
2021;Março;10ª;NOVO HAMBURGO;448349
2021;Março;10ª;URUGUAIANA;385
2021;Março;10ª;PORTO ALEGRE;827550
2021;Abril;1ª;CUIABÁ;2409475
2021;Abril;2ª;MACAPÁ;34,38
2021;Abril;3ª;FORTALEZA;3232139,1
2021;Abril;3ª;SÃO LUÍS;4976690
2021;Abril;4ª;NATAL;549774,56
2021;Abril;4ª;JOÃO PESSOA;6482434,75
2021;Abril;8ª;BAURU;14435470
2021;Abril;8ª;AEROPORTO INTERNACIONAL DE SÃO PAULO;11873,08
2021;Abril;8ª;PORTO DE SANTOS;61855
2021;Abril;9ª;LONDRINA;345115
2021;Abril;9ª;MARINGÁ;95
2021;Abril;9ª;FOZ DO IGUAÇU;44478442,04
2021;Abril;10ª;SANTO ÂNGELO;212645
2021;Abril;10ª;PORTO DE RIO GRANDE;349,88
2021;Abril;10ª;PORTO ALEGRE;3505577
2021;Maio;1ª;MUNDO NOVO;3480000
2021;Maio;2ª;PORTO VELHO;1445210
2021;Maio;3ª;SÃO LUÍS;60800
2021;Maio;4ª;NATAL;9633445
2021;Maio;5ª;ARACAJU;8825000
2021;Maio;6ª;JUIZ DE FORA;1360565,42
2021;Maio;7ª;PORTO DE VITÓRIA;165
2021;Maio;8ª;BAURU;25659710
2021;Maio;8ª;AEROPORTO INTERNACIONAL DE SÃO PAULO;4585,16
2021;Maio;8ª;AEROPORTO INTERNACIONAL DE VIRACOPOS;9,9
2021;Maio;8ª;SÃO PAULO;2400000
2021;Maio;9ª;LONDRINA;1821950
2021;Maio;9ª;CASCAVEL;11553803,92
2021;Maio;9ª;PONTA GROSSA;4586400
2021;Maio;9ª;FOZ DO IGUAÇU;37298415,7
2021;Maio;10ª;PELOTAS;2100300
2021;Maio;10ª;CAXIAS DO SUL;4290180
2021;Maio;10ª;PORTO ALEGRE;4116275
2021;Junho;1ª;PONTA PORÃ;18720419,4
2021;Junho;2ª;BELÉM;3036980
2021;Junho;2ª;BOA VISTA;4698,91
2021;Junho;3ª;FORTALEZA;8830966
2021;Junho;3ª;TERESINA;555000
2021;Junho;4ª;RECIFE;1168675
2021;Junho;4ª;NATAL;7335901,84
2021;Junho;4ª;JOÃO PESSOA;3661670
2021;Junho;5ª;VITÓRIA DA CONQUISTA;2568650
2021;Junho;5ª;ARACAJU;13386205
2021;Junho;8ª;BAURU;24430044,7
2021;Junho;8ª;SOROCABA;749,92
2021;Junho;8ª;SÃO JOSÉ DOS CAMPOS;236722,07
2021;Junho;8ª;PORTO DE SANTOS;414049,2
2021;Junho;8ª;SÃO PAULO;800000
2021;Junho;9ª;MARINGÁ;8225813,6
2021;Junho;9ª;FOZ DO IGUAÇU;39190864,3
2021;Junho;9ª;FLORIANÓPOLIS;1986462,49
2021;Junho;10ª;PORTO ALEGRE;1752500
2021;Julho;1ª;GOIÂNIA;10
2021;Julho;1ª;CAMPO GRANDE;7301909
2021;Julho;2ª;PORTO VELHO;5700
2021;Julho;4ª;NATAL;7825000
2021;Julho;4ª;JOÃO PESSOA;49500
2021;Julho;6ª;JUIZ DE FORA;1916909,8
2021;Julho;7ª;NITERÓI;3196
2021;Julho;8ª;BAURU;11378500
2021;Julho;8ª;SOROCABA;3984,06
2021;Julho;8ª;SÃO JOSÉ DOS CAMPOS;436220,07
2021;Julho;8ª;AEROPORTO INTERNACIONAL DE SÃO PAULO;737,18
2021;Julho;8ª;PORTO DE SANTOS;1950
2021;Julho;8ª;SÃO PAULO;4400000
2021;Julho;9ª;LONDRINA;6339605
2021;Julho;9ª;CASCAVEL;15199994,63
2021;Julho;9ª;PONTA GROSSA;4724312,16
2021;Julho;9ª;FOZ DO IGUAÇU;28433190
2021;Julho;9ª;CURITIBA;4827679,85
2021;Agosto;1ª;AEROPORTO INTERNACIONAL DE BRASÍLIA;144672,2
2021;Agosto;1ª;GOIÂNIA;27224525
2021;Agosto;1ª;PONTA PORÃ;1945000
2021;Agosto;1ª;PALMAS;1629835
2021;Agosto;2ª;RIO BRANCO;1739177,49
2021;Agosto;2ª;PORTO VELHO;40000
2021;Agosto;2ª;BOA VISTA;610
2021;Agosto;3ª;TERESINA;5526615
2021;Agosto;4ª;NATAL;4487500
2021;Agosto;7ª;NITERÓI;78861,4
2021;Agosto;7ª;NOVA IGUAÇU;2362749,6
2021;Agosto;7ª;VOLTA REDONDA;2268873
2021;Agosto;7ª;RIO DE JANEIRO;865513
2021;Agosto;8ª;BAURU;19443052,9
2021;Agosto;8ª;PORTO DE SANTOS;23875
2021;Agosto;9ª;FOZ DO IGUAÇU;39916918,9
2021;Agosto;10ª;CAXIAS DO SUL;2290700
2021;Agosto;10ª;SANTO ÂNGELO;479609,5
2021;Agosto;10ª;URUGUAIANA;501737
2021;Agosto;10ª;PORTO ALEGRE;1652669,5
2021;Setembro;1ª;CAMPO GRANDE;1632500
2021;Setembro;1ª;PONTA PORÃ;19788300,4
2021;Setembro;2ª;BOA VISTA;904,59
2021;Setembro;3ª;FORTALEZA;782086
2021;Setembro;3ª;TERESINA;4081000
2021;Setembro;4ª;RECIFE;12547395
2021;Setembro;4ª;NATAL;5100000
2021;Setembro;7ª;AEROPORTO INTERNACIONAL DO GALEÃO;52578,91
2021;Setembro;8ª;BAURU;5655323,34
2021;Setembro;8ª;AEROPORTO INTERNACIONAL DE SÃO PAULO;219,03
2021;Setembro;9ª;PONTA GROSSA;4732479,3
2021;Setembro;9ª;FOZ DO IGUAÇU;32866996,38
2021;Setembro;9ª;CURITIBA;3885730,12
2021;Setembro;10ª;NOVO HAMBURGO;9217036
2021;Outubro;1ª;MUNDO NOVO;15138489,78
2021;Outubro;1ª;PONTA PORÃ;2170000
2021;Outubro;2ª;SANTAREM;14400
2021;Outubro;2ª;PORTO VELHO;1917617,3
2021;Outubro;4ª;NATAL;2699330
2021;Outubro;5ª;SALVADOR;14766450
2021;Outubro;6ª;UBERLÂNDIA;3297630,34
2021;Outubro;6ª;BELO HORIZONTE;5177751,32
2021;Outubro;7ª;PORTO DE VITÓRIA;5872372
2021;Outubro;9ª;LONDRINA;6603438,8
2021;Outubro;9ª;PONTA GROSSA;2171205
2021;Outubro;9ª;MARINGÁ;10346439,4
2021;Outubro;9ª;FOZ DO IGUAÇU;40837111,62
2021;Outubro;9ª;CURITIBA;4063822,48
2021;Outubro;9ª;JOINVILLE;1772410
2021;Outubro;9ª;JOAÇABA;2217500
2021;Outubro;10ª;PELOTAS;1558355
2021;Outubro;10ª;SANTA MARIA;1447204
2021;Novembro;1ª;GOIÂNIA;3277665
2021;Novembro;1ª;CAMPO GRANDE;5981182
2021;Novembro;1ª;MUNDO NOVO;28663750,38
2021;Novembro;1ª;PONTA PORÃ;11876270,6
2021;Novembro;2ª;PORTO VELHO;777900
2021;Novembro;4ª;MACEIÓ;1985505
2021;Novembro;5ª;FEIRA DE SANTANA;1489743,68
2021;Novembro;6ª;UBERLÂNDIA;46278204,36
2021;Novembro;7ª;PORTO DE VITÓRIA;4901282
2021;Novembro;8ª;BAURU;31929562,34
2021;Novembro;8ª;RIBEIRÃO PRETO;107900
2021;Novembro;8ª;AEROPORTO INTERNACIONAL DE SÃO PAULO;4731,72
2021;Novembro;8ª;PORTO DE SANTOS;279295
2021;Novembro;9ª;LONDRINA;10351254,76
2021;Novembro;9ª;PONTA GROSSA;6298000
2021;Novembro;9ª;JOINVILLE;6138279,97
2021;Novembro;10ª;PELOTAS;359400
2021;Novembro;10ª;SANTA MARIA;1390180
2021;Novembro;10ª;PORTO ALEGRE;6299400
2021;Dezembro;1ª;GOIÂNIA;3157400
2021;Dezembro;1ª;CUIABÁ;2308900
2021;Dezembro;1ª;CAMPO GRANDE;28116270,2
2021;Dezembro;1ª;MUNDO NOVO;11602080,02
2021;Dezembro;1ª;PONTA PORÃ;4535860
2021;Dezembro;2ª;PORTO DE MANAUS;29237,5
2021;Dezembro;2ª;PORTO VELHO;1950
2021;Dezembro;3ª;FORTALEZA;3824370
2021;Dezembro;4ª;JOÃO PESSOA;1777750
2021;Dezembro;5ª;FEIRA DE SANTANA;82500
2021;Dezembro;6ª;BELO HORIZONTE;14382481,81
2021;Dezembro;8ª;BAURU;31898475,4
2021;Dezembro;8ª;FRANCA;91365
2021;Dezembro;8ª;AEROPORTO INTERNACIONAL DE SÃO PAULO;4986,69
2021;Dezembro;8ª;PORTO DE SANTOS;105327,04
2021;Dezembro;8ª;SÃO PAULO;2494675
2021;Dezembro;9ª;LONDRINA;5266000
2021;Dezembro;9ª;CASCAVEL;20217642,2
2021;Dezembro;9ª;PONTA GROSSA;2077481,4
2021;Dezembro;9ª;MARINGÁ;7257872
2021;Dezembro;9ª;FOZ DO IGUAÇU;125632186,4
2021;Dezembro;9ª;CURITIBA;17042065
2021;Dezembro;9ª;JOINVILLE;2300890
2021;Dezembro;10ª;CAXIAS DO SUL;5298120
2021;Dezembro;10ª;URUGUAIANA;7550
2021;Dezembro;10ª;PORTO DE RIO GRANDE;125495
2021;Dezembro;10ª;PORTO ALEGRE;5470727
2022;Janeiro;3ª;FORTALEZA;297500
2022;Janeiro;3ª;TERESINA;1060
2022;Janeiro;8ª;PRESIDENTE PRUDENTE;527876,1
2022;Janeiro;8ª;PORTO DE SANTOS;7230
2022;Janeiro;8ª;SÃO PAULO;2474850
2022;Janeiro;9ª;JOINVILLE;1810
2022;Janeiro;10ª;CAXIAS DO SUL;786070
2022;Fevereiro;1ª;GOIÂNIA;98,42
2022;Fevereiro;1ª;CUIABÁ;1731975,35
2022;Fevereiro;1ª;CAMPO GRANDE;118750
2022;Fevereiro;2ª;PORTO VELHO;52387
2022;Fevereiro;3ª;FORTALEZA;318350
2022;Fevereiro;6ª;UBERLÂNDIA;137500
2022;Fevereiro;8ª;BAURU;25496240,67
2022;Fevereiro;8ª;AEROPORTO INTERNACIONAL DE SÃO PAULO;4433,11
2022;Fevereiro;8ª;PORTO DE SANTOS;2432951
2022;Fevereiro;9ª;CASCAVEL;5
2022;Fevereiro;9ª;MARINGÁ;4242145,6
2022;Fevereiro;9ª;FOZ DO IGUAÇU;10099280,66
2022;Fevereiro;10ª;PELOTAS;1042500
2022;Fevereiro;10ª;URUGUAIANA;362785,4
2022;Março;1ª;MUNDO NOVO;7581937,25
2022;Março;3ª;FORTALEZA;1961765
2022;Março;3ª;TERESINA;6728680,72
2022;Março;7ª;NITERÓI;3874
2022;Março;7ª;NOVA IGUAÇU;7642
2022;Março;8ª;BAURU;9032327,88
2022;Março;8ª;PORTO DE SANTOS;18930,6
2022;Março;9ª;LONDRINA;4441662
2022;Março;9ª;PONTA GROSSA;1834000
2022;Março;9ª;FOZ DO IGUAÇU;56415048,13
2022;Março;9ª;JOINVILLE;3851970
2022;Março;9ª;JOAÇABA;2300000
2022;Março;10ª;CAXIAS DO SUL;1501243,88
2022;Março;10ª;NOVO HAMBURGO;368420
2022;Março;10ª;SANTO ÂNGELO;1134870
2022;Março;10ª;PORTO ALEGRE;1621750
2022;Abril;1ª;AEROPORTO INTERNACIONAL DE BRASÍLIA;188575,98
2022;Abril;1ª;CUIABÁ;529750
2022;Abril;1ª;MUNDO NOVO;12773900
2022;Abril;2ª;PORTO VELHO;263035,24
2022;Abril;8ª;BAURU;14265167
2022;Abril;8ª;AEROPORTO INTERNACIONAL DE SÃO PAULO;3473,65
2022;Abril;9ª;LONDRINA;4882500
2022;Abril;9ª;CASCAVEL;15867882,9
2022;Abril;9ª;MARINGÁ;8000102,15
2022;Maio;1ª;PONTA PORÃ;1070000
2022;Maio;2ª;PORTO VELHO;683090
2022;Maio;2ª;BOA VISTA;4308,18
2022;Maio;3ª;JUAZEIRO DO NORTE;60728,5
2022;Maio;3ª;FORTALEZA;603915,5
2022;Maio;3ª;TERESINA;3505000
2022;Maio;4ª;JOÃO PESSOA;6169805
2022;Maio;6ª;VARGINHA;483998,2
2022;Maio;6ª;BELO HORIZONTE;1138529,6
2022;Maio;8ª;BAURU;6128463,06
2022;Maio;8ª;PORTO DE SANTOS;1334
2022;Maio;8ª;SÃO PAULO;3840000
2022;Maio;9ª;LONDRINA;1700000
2022;Maio;9ª;PONTA GROSSA;2118307,6
2022;Maio;9ª;FOZ DO IGUAÇU;30715971,17
2022;Maio;9ª;JOAÇABA;4275000
2022;Maio;9ª;FLORIANÓPOLIS;3248788
2022;Maio;10ª;NOVO HAMBURGO;3096545
2022;Maio;10ª;PORTO ALEGRE;151165
2022;Junho;1ª;MUNDO NOVO;2727803,01
2022;Junho;1ª;PONTA PORÃ;3254050
2022;Junho;3ª;FORTALEZA;17500
2022;Junho;3ª;TERESINA;5890000
2022;Junho;4ª;RECIFE;6204025
2022;Junho;4ª;JOÃO PESSOA;2387170
2022;Junho;6ª;VARGINHA;292750
2022;Junho;8ª;BAURU;39717697,77
2022;Junho;9ª;LONDRINA;3414350
2022;Junho;9ª;MARINGÁ;15068250
2022;Junho;9ª;FOZ DO IGUAÇU;22630368
2022;Junho;9ª;CURITIBA;2842029,29
2022;Junho;10ª;SANTO ÂNGELO;1744450
2022;Junho;10ª;PORTO DE RIO GRANDE;125000
2022;Junho;10ª;PORTO ALEGRE;277755
2022;Julho;1ª;MUNDO NOVO;4664590
2022;Julho;1ª;PALMAS;17250
2022;Julho;3ª;FORTALEZA;709,98
2022;Julho;4ª;JOÃO PESSOA;4677500
2022;Julho;6ª;BELO HORIZONTE;1415625,7
2022;Julho;7ª;NOVA IGUAÇU;1505600
2022;Julho;8ª;SÃO PAULO;2560100
2022;Julho;9ª;LONDRINA;4543445
2022;Julho;9ª;CASCAVEL;19603384,7
2022;Julho;9ª;FOZ DO IGUAÇU;15384929,34
2022;Julho;9ª;CURITIBA;4419100
2022;Julho;9ª;JOAÇABA;2300001,75
2022;Julho;10ª;CAXIAS DO SUL;1772225
2022;Julho;10ª;PORTO DE RIO GRANDE;9
2022;Julho;10ª;PORTO DE RIO GRANDE;70
2022;Julho;10ª;PORTO ALEGRE;31812500
2022;Agosto;1ª;GOIÂNIA;4996826,93
2022;Agosto;1ª;MUNDO NOVO;4550
2022;Agosto;1ª;PONTA PORÃ;6933405,7
2022;Agosto;2ª;SANTAREM;248000
2022;Agosto;2ª;PORTO VELHO;92565
2022;Agosto;3ª;FORTALEZA;2971790
2022;Agosto;4ª;JOÃO PESSOA;3470000
2022;Agosto;6ª;BELO HORIZONTE;4755000
2022;Agosto;8ª;SÃO PAULO;26410
2022;Agosto;8ª;SÃO PAULO;3004890,7
2022;Agosto;9ª;LONDRINA;3749252,8
2022;Agosto;9ª;MARINGÁ;10124589,8
2022;Agosto;9ª;FOZ DO IGUAÇU;13276263,84
2022;Agosto;9ª;PORTO DE PARANAGUÁ;227921,89
2022;Agosto;9ª;CURITIBA;3950325
2022;Agosto;9ª;JOAÇABA;2275000
2022;Agosto;10ª;CAXIAS DO SUL;1511480
2022;Agosto;10ª;URUGUAIANA;2850
2022;Agosto;10ª;URUGUAIANA;405
2022;Setembro;1ª;GOIÂNIA;147070
2022;Setembro;2ª;PORTO DE MANAUS;25
2022;Setembro;2ª;PORTO DE MANAUS;45980
2022;Setembro;2ª;RIO BRANCO;232066,8
2022;Setembro;2ª;PORTO VELHO;201200
2022;Setembro;3ª;FORTALEZA;2362500
2022;Setembro;4ª;NATAL;615915,64
2022;Setembro;4ª;JOÃO PESSOA;3448600
2022;Setembro;5ª;SALVADOR;7792050
2022;Setembro;7ª;NITERÓI;1973520
2022;Setembro;7ª;NITERÓI;53,5
2022;Setembro;7ª;VOLTA REDONDA;200
2022;Setembro;7ª;VOLTA REDONDA;1000
2022;Setembro;7ª;RIO DE JANEIRO;294
2022;Setembro;8ª;BAURU;67728214,52
2022;Setembro;8ª;BAURU;960,61
2022;Setembro;8ª;AEROPORTO INTERNACIONAL DE SÃO PAULO;47,59
2022;Setembro;8ª;AEROPORTO INTERNACIONAL DE SÃO PAULO;3134,07
2022;Setembro;8ª;SÃO PAULO;1271480
2022;Setembro;9ª;LONDRINA;655137,6
2022;Setembro;9ª;CASCAVEL;13150694,52
2022;Setembro;9ª;CASCAVEL;42951
2022;Setembro;9ª;PONTA GROSSA;1985000
2022;Setembro;9ª;MARINGÁ;6145350
2022;Setembro;9ª;FOZ DO IGUAÇU;2500
2022;Setembro;9ª;FOZ DO IGUAÇU;16903803,2
2022;Setembro;9ª;JOAÇABA;2299657,32
2022;Setembro;10ª;SANTO ÂNGELO;1968205
2022;Setembro;10ª;PORTO ALEGRE;775000
2022;Outubro;1ª;ANÁPOLIS;292727,6
2022;Outubro;1ª;MUNDO NOVO;7261667,6
2022;Outubro;3ª;FORTALEZA;2475000
2022;Outubro;4ª;JOÃO PESSOA;1125000
2022;Outubro;5ª;ARACAJU;4665120
2022;Outubro;6ª;BELO HORIZONTE;2220000
2022;Outubro;7ª;NOVA IGUAÇU;5305
2022;Outubro;8ª;BAURU;14591943,3
2022;Outubro;8ª;SOROCABA;3575,44
2022;Outubro;8ª;SOROCABA;3919515,64
2022;Outubro;9ª;CASCAVEL;4491205,8
2022;Outubro;9ª;CASCAVEL;1266250
2022;Outubro;9ª;FOZ DO IGUAÇU;25085060,88
2022;Outubro;9ª;FOZ DO IGUAÇU;15700
2022;Outubro;9ª;CURITIBA;4027845
2022;Novembro;1ª;GOIÂNIA;1150100
2022;Novembro;1ª;CAMPO GRANDE;6811379,5
2022;Novembro;1ª;MUNDO NOVO;8367141,3
2022;Novembro;3ª;FORTALEZA;45904
2022;Novembro;5ª;ARACAJU;5837200
2022;Novembro;6ª;UBERLÂNDIA;1266613,9
2022;Novembro;6ª;BELO HORIZONTE;418,93
2022;Novembro;6ª;BELO HORIZONTE;3768554,2
2022;Novembro;8ª;BAURU;272,27
2022;Novembro;8ª;BAURU;2573880,56
2022;Novembro;8ª;AEROPORTO INTERNACIONAL DE SÃO PAULO;2631,19
2022;Novembro;8ª;AEROPORTO INTERNACIONAL DE SÃO PAULO;49931,9
2022;Novembro;8ª;AEROPORTO INTERNACIONAL DE SÃO PAULO;7741,12
2022;Novembro;8ª;PORTO DE SANTOS;4845860,44
2022;Novembro;8ª;PORTO DE SANTOS;15016
2022;Novembro;8ª;SÃO PAULO;33
2022;Novembro;8ª;SÃO PAULO;407630
2022;Novembro;9ª;LONDRINA;3290400
2022;Novembro;9ª;CASCAVEL;2255957,72
2022;Novembro;9ª;PONTA GROSSA;2728550
2022;Novembro;9ª;JOINVILLE;1269940
2022;Novembro;9ª;JOAÇABA;4610000
2022;Novembro;10ª;CAXIAS DO SUL;1500100
2022;Novembro;10ª;URUGUAIANA;39,52
2022;Novembro;10ª;PORTO DE RIO GRANDE;15
2022;Dezembro;1ª;CUIABÁ;1473640
2022;Dezembro;1ª;MUNDO NOVO;4182357,3
2022;Dezembro;2ª;RIO BRANCO;271314,98
2022;Dezembro;2ª;MACAPÁ;3095
2022;Dezembro;2ª;PORTO VELHO;25
2022;Dezembro;2ª;BOA VISTA;513,4
2022;Dezembro;2ª;BOA VISTA;50,1
2022;Dezembro;3ª;FORTALEZA;30902980
2022;Dezembro;4ª;JOÃO PESSOA;2220205
2022;Dezembro;5ª;VITÓRIA DA CONQUISTA;2748450
2022;Dezembro;5ª;SALVADOR;12392500
2022;Dezembro;6ª;VARGINHA;100858,8
2022;Dezembro;6ª;BELO HORIZONTE;3043875
2022;Dezembro;7ª;VOLTA REDONDA;20
2022;Dezembro;8ª;BAURU;8868496,06
2022;Dezembro;8ª;BAURU;332310,98
2022;Dezembro;8ª;AEROPORTO INTERNACIONAL DE SÃO PAULO;117,78
2022;Dezembro;8ª;SÃO PAULO;2227500
2022;Dezembro;9ª;LONDRINA;1656933,2
2022;Dezembro;9ª;MARINGÁ;5500230
2022;Dezembro;9ª;FOZ DO IGUAÇU;32048,85
2022;Dezembro;9ª;FOZ DO IGUAÇU;18989190,13
2022;Dezembro;9ª;JOAÇABA;50000
2022;Dezembro;9ª;FLORIANÓPOLIS;2508085
2022;Dezembro;9ª;PORTO DE ITAJAÍ;2971302,66
2022;Dezembro;10ª;PELOTAS;349465
2022;Dezembro;10ª;CAXIAS DO SUL;1508685
2022;Dezembro;10ª;SANTO ÂNGELO;1295720
2022;Dezembro;10ª;URUGUAIANA;104,6
2023;Janeiro;3ª;FORTALEZA;12358200
2023;Janeiro;4ª;RECIFE;4464945
2023;Janeiro;4ª;JOÃO PESSOA;1102500
2023;Janeiro;8ª;AEROPORTO INTERNACIONAL DE SÃO PAULO;2091,84
2023;Janeiro;9ª;LONDRINA;1786375
2023;Janeiro;9ª;CASCAVEL;10254545,15
2023;Janeiro;9ª;CASCAVEL;829215,3
2023;Janeiro;10ª;CAXIAS DO SUL;910045
2023;Janeiro;10ª;PORTO ALEGRE;2529900
2023;Fevereiro;1ª;PONTA PORÃ;18749213
2023;Fevereiro;1ª;PONTA PORÃ;79,15
2023;Fevereiro;2ª;PORTO VELHO;4059,65
2023;Fevereiro;2ª;PORTO VELHO;96820,36
2023;Fevereiro;3ª;FORTALEZA;480
2023;Fevereiro;3ª;TERESINA;218550
2023;Fevereiro;6ª;BELO HORIZONTE;3005000
2023;Fevereiro;8ª;BAURU;13576633,58
2023;Fevereiro;8ª;SÃO PAULO;2011
2023;Fevereiro;8ª;SÃO PAULO;1965105
2023;Fevereiro;9ª;LONDRINA;860000
2023;Fevereiro;9ª;MARINGÁ;14832500
2023;Fevereiro;9ª;MARINGÁ;325000
2023;Fevereiro;9ª;FOZ DO IGUAÇU;42173,8
2023;Fevereiro;9ª;FOZ DO IGUAÇU;47690522,69
2023;Fevereiro;9ª;PORTO DE ITAJAÍ;2134860,22
2023;Fevereiro;10ª;CAXIAS DO SUL;3001155
2023;Fevereiro;10ª;NOVO HAMBURGO;653635
2023;Fevereiro;10ª;SANTO ÂNGELO;1773400
2023;Fevereiro;10ª;PORTO ALEGRE;386604,05
2023;Março;1ª;MUNDO NOVO;5227960
2023;Março;2ª;MACAPÁ;24578,15
2023;Março;2ª;PORTO VELHO;850
2023;Março;3ª;TERESINA;172605
2023;Março;4ª;NATAL;808910
2023;Março;4ª;JOÃO PESSOA;2154885
2023;Março;4ª;JOÃO PESSOA;116,75
2023;Março;5ª;VITÓRIA DA CONQUISTA;3939565
2023;Março;5ª;ARACAJU;3875000
2023;Março;7ª;NOVA IGUAÇU;2332550
2023;Março;7ª;AEROPORTO INTERNACIONAL DO GALEÃO;3818,67
2023;Março;7ª;AEROPORTO INTERNACIONAL DO GALEÃO;696,91
2023;Março;7ª;RIO DE JANEIRO;85,4
2023;Março;7ª;RIO DE JANEIRO;14384
2023;Março;8ª;RIBEIRÃO PRETO;29906,78
2023;Março;8ª;PORTO DE SANTOS;140000
2023;Março;9ª;CURITIBA;2122500
2023;Março;10ª;NOVO HAMBURGO;3999537,98
2023;Março;10ª;SANTO ÂNGELO;575725
2023;Março;10ª;URUGUAIANA;305000
2023;Março;10ª;URUGUAIANA;62400
2023;Abril;1ª;CAMPO GRANDE;764830
2023;Abril;2ª;BELÉM;1550241
2023;Abril;2ª;BELÉM;641,19
2023;Abril;3ª;FORTALEZA;8355157,8
2023;Abril;3ª;TERESINA;5337050
2023;Abril;5ª;VITÓRIA DA CONQUISTA;15000
2023;Abril;8ª;SÃO JOSÉ DOS CAMPOS;130681,82
2023;Abril;8ª;SÃO PAULO;200
2023;Abril;9ª;LONDRINA;6062482,2
2023;Abril;9ª;CASCAVEL;3097563,2
2023;Abril;9ª;PONTA GROSSA;2365749,13
2023;Abril;9ª;MARINGÁ;2815000
2023;Abril;9ª;FOZ DO IGUAÇU;137731,68
2023;Abril;9ª;FOZ DO IGUAÇU;34921468,14
2023;Abril;9ª;CURITIBA;1518415
2023;Abril;9ª;JOINVILLE;1777280
2023;Maio;1ª;GOIÂNIA;148,5
2023;Maio;1ª;GOIÂNIA;9852255,27
2023;Maio;1ª;CAMPO GRANDE;7345105
2023;Maio;1ª;MUNDO NOVO;20000
2023;Maio;1ª;MUNDO NOVO;14025252,9
2023;Maio;1ª;PONTA PORÃ;2220118,8
2023;Maio;2ª;PORTO VELHO;304550
2023;Maio;3ª;FORTALEZA;3095000
2023;Maio;3ª;TERESINA;8674070
2023;Maio;4ª;NATAL;3799
2023;Maio;7ª;RIO DE JANEIRO;216
2023;Maio;7ª;RIO DE JANEIRO;406474
2023;Maio;8ª;BAURU;21000348,64
2023;Maio;8ª;BAURU;38207,72
2023;Maio;8ª;BAURU;690
2023;Maio;8ª;SÃO PAULO;352700
2023;Maio;9ª;LONDRINA;3450050
2023;Maio;9ª;CASCAVEL;9284245,74
2023;Maio;9ª;PONTA GROSSA;2241515,16
2023;Maio;9ª;MARINGÁ;13214985,3
2023;Maio;10ª;CAXIAS DO SUL;1500000
2023;Maio;10ª;SANTO ÂNGELO;1465025
2023;Maio;10ª;URUGUAIANA;110000
2023;Junho;1ª;CAMPO GRANDE;12574801
2023;Junho;1ª;MUNDO NOVO;15777622,1
2023;Junho;1ª;PONTA PORÃ;7010336,4
2023;Junho;2ª;PORTO VELHO;1690
2023;Junho;3ª;FORTALEZA;3400
2023;Junho;4ª;RECIFE;4562400
2023;Junho;4ª;JOÃO PESSOA;353300
2023;Junho;6ª;VARGINHA;189745
2023;Junho;6ª;UBERLÂNDIA;289755,94
2023;Junho;8ª;FRANCA;26240
2023;Junho;8ª;AEROPORTO INTERNACIONAL DE SÃO PAULO;5647,32
2023;Junho;8ª;AEROPORTO INTERNACIONAL DE SÃO PAULO;92,79
2023;Junho;8ª;PORTO DE SANTOS;9025
2023;Junho;8ª;SÃO PAULO;283495
2023;Junho;9ª;CASCAVEL;7893642,5
2023;Junho;9ª;CASCAVEL;616
2023;Junho;10ª;PELOTAS;2257100
2023;Junho;10ª;CAXIAS DO SUL;1507200
2023;Julho;2ª;RIO BRANCO;560375,5
2023;Julho;2ª;PORTO VELHO;75000
2023;Julho;2ª;BOA VISTA;282
2023;Julho;2ª;BOA VISTA;880,6
2023;Julho;4ª;RECIFE;1519480
2023;Julho;5ª;ARACAJU;4419900
2023;Julho;6ª;BELO HORIZONTE;3465436,1
2023;Julho;9ª;LONDRINA;900450
2023;Julho;9ª;CASCAVEL;2737213
2023;Julho;9ª;MARINGÁ;9130217,8
2023;Julho;9ª;JOAÇABA;3944950
2023;Julho;10ª;CAXIAS DO SUL;1501920
2023;Julho;10ª;SANTO ÂNGELO;1474100
2023;Julho;10ª;URUGUAIANA;238,5
2023;Julho;10ª;PORTO ALEGRE;114043,6
2023;Agosto;1ª;GOIÂNIA;4074875
2023;Agosto;1ª;CAMPO GRANDE;2390763,4
2023;Agosto;1ª;MUNDO NOVO;4569227,7
2023;Agosto;4ª;RECIFE;1955715
2023;Agosto;6ª;VARGINHA;287500
2023;Agosto;7ª;NOVA IGUAÇU;4125
2023;Agosto;8ª;BAURU;2125000
2023;Agosto;8ª;SÃO PAULO;1844425
2023;Agosto;9ª;LONDRINA;1662000
2023;Agosto;9ª;CASCAVEL;5960733,6
2023;Agosto;9ª;CASCAVEL;8250
2023;Agosto;9ª;FOZ DO IGUAÇU;15526772,49
2023;Agosto;9ª;FOZ DO IGUAÇU;58867,15
2023;Agosto;9ª;FLORIANÓPOLIS;2067210
2023;Agosto;9ª;FLORIANÓPOLIS;2,5
2023;Agosto;10ª;CAXIAS DO SUL;49202,2
2023;Agosto;10ª;SANTO ÂNGELO;1878370
2023;Agosto;10ª;URUGUAIANA;225
2023;Agosto;10ª;PORTO DE RIO GRANDE;35420
2023;Setembro;1ª;CAMPO GRANDE;3495
2023;Setembro;1ª;MUNDO NOVO;1843,65
2023;Setembro;3ª;FORTALEZA;1983035
2023;Setembro;4ª;RECIFE;572140
2023;Setembro;4ª;NATAL;15020
2023;Setembro;7ª;PORTO DE VITÓRIA;4262975,4
2023;Setembro;8ª;PORTO DE SANTOS;3645
2023;Setembro;8ª;SÃO PAULO;7965
2023;Setembro;8ª;SÃO PAULO;684555
2023;Setembro;9ª;LONDRINA;3336245
2023;Setembro;10ª;PELOTAS;1402500
2023;Setembro;10ª;NOVO HAMBURGO;322059,04
2023;Setembro;10ª;NOVO HAMBURGO;1584,6
2023;Outubro;1ª;MUNDO NOVO;8936152,5
2023;Outubro;1ª;PONTA PORÃ;11334655
2023;Outubro;4ª;JOÃO PESSOA;2865995
2023;Outubro;4ª;MACEIÓ;104353
2023;Outubro;6ª;BELO HORIZONTE;2762410
2023;Outubro;6ª;UBERLÂNDIA;403650
2023;Outubro;7ª;PORTO DE VITÓRIA;7508870
2023;Outubro;8ª;BAURU;9853395
2023;Outubro;8ª;PORTO DE SANTOS;4041535
2023;Outubro;9ª;CASCAVEL;5720266,08
2023;Outubro;9ª;CURITIBA;3685699,6
2023;Outubro;9ª;FOZ DO IGUAÇU;42414253,8
2023;Outubro;10ª;SANTA MARIA;650078,6
2023;Novembro;1ª;MUNDO NOVO;6341805
2023;Novembro;1ª;PONTA PORÃ;1674599,9
2023;Novembro;2ª;SANTARÉM;26215
2023;Novembro;3ª;FORTALEZA;5055735
2023;Novembro;4ª;JOÃO PESSOA;2528700
2023;Novembro;6ª;BELO HORIZONTE;4352186,71
2023;Novembro;7ª;PORTO DE VITÓRIA;799500
2023;Novembro;8ª;AEROPORTO INTERNACIONAL DE SÃO PAULO;2315,43
2023;Novembro;8ª;BAURU;12446848,75
2023;Novembro;8ª;SÃO PAULO;305207,25
2023;Novembro;9ª;FOZ DO IGUAÇU;2810771,25
2023;Novembro;9ª;JOAÇABA;362485
2023;Novembro;9ª;LONDRINA;959552,62
2023;Novembro;9ª;MARINGÁ;14419550,06
2023;Novembro;9ª;PONTA GROSSA;3516585,45
2023;Novembro;10ª;CAXIAS DO SUL;1787960
2023;Novembro;10ª;PORTO ALEGRE;2843223,8
2023;Novembro;10ª;SANTO ÂNGELO;50074,25
2023;Novembro;10ª;URUGUAIANA;514758,4
2023;Dezembro;1ª;CUIABÁ;3624590
2023;Dezembro;1ª;MUNDO NOVO;1637850
2023;Dezembro;1ª;PONTA PORÃ;23500
2023;Dezembro;1ª;PONTA PORÃ;5946717,2
2023;Dezembro;2ª;BELÉM;51
2023;Dezembro;2ª;BELÉM;4888625,79
2023;Dezembro;3ª;FORTALEZA;3841750
2023;Dezembro;3ª;TERESINA;16207500
2023;Dezembro;4ª;RECIFE;1891150
2023;Dezembro;4ª;NATAL;14173963,06
2023;Dezembro;5ª;VITÓRIA DA CONQUISTA;5499650
2023;Dezembro;5ª;SALVADOR;192500
2023;Dezembro;6ª;BELO HORIZONTE;96822,59
2023;Dezembro;6ª;BELO HORIZONTE;301315
2023;Dezembro;6ª;BELO HORIZONTE;257409,72
2023;Dezembro;8ª;AEROPORTO INTERNACIONAL DE VIRACOPOS;26,03
2023;Dezembro;8ª;SÃO PAULO;5
2023;Dezembro;8ª;SÃO PAULO;70
2023;Dezembro;9ª;LONDRINA;6403885
2023;Dezembro;9ª;CASCAVEL;1000
2023;Dezembro;9ª;CASCAVEL;2683409,54
2023;Dezembro;9ª;MARINGÁ;13360000
2023;Dezembro;9ª;FOZ DO IGUAÇU;38116641,74
2023;Dezembro;9ª;FOZ DO IGUAÇU;20163,96
2023;Dezembro;9ª;PORTO DE ITAJAÍ;8000
2023;Dezembro;10ª;PELOTAS;192408,5
2023;Dezembro;10ª;SANTA MARIA;1279288,8
2023;Dezembro;10ª;NOVO HAMBURGO;569531,48
2023;Dezembro;10ª;SANTO ÂNGELO;1551780
2023;Dezembro;10ª;PORTO DE RIO GRANDE;620
2024;Janeiro;1ª;CAMPO GRANDE;3777963
2024;Janeiro;1ª;CORUMBÁ;1033077,3
2024;Janeiro;2ª;PORTO VELHO;266808,68
2024;Janeiro;4ª;JOÃO PESSOA;862600
2024;Janeiro;8ª;AEROPORTO INTERNACIONAL DE SÃO PAULO;36,33
2024;Janeiro;8ª;AEROPORTO INTERNACIONAL DE SÃO PAULO;861,39
2024;Janeiro;8ª;AEROPORTO INTERNACIONAL DE VIRACOPOS;8,1
2024;Janeiro;8ª;AEROPORTO INTERNACIONAL DE VIRACOPOS;16,07
2024;Janeiro;8ª;SÃO PAULO;498080
2024;Janeiro;9ª;FOZ DO IGUAÇU;18188,4
2024;Janeiro;9ª;FOZ DO IGUAÇU;5474481,01
2024;Janeiro;10ª;CAXIAS DO SUL;119215
2024;Janeiro;10ª;URUGUAIANA;150689,9
2024;Fevereiro;1ª;PONTA PORÃ;2610000
2024;Fevereiro;2ª;MACAPÁ;10079,75
2024;Fevereiro;2ª;BOA VISTA;97,93
2024;Fevereiro;3ª;FORTALEZA;24510
2024;Fevereiro;6ª;VARGINHA;30000
2024;Fevereiro;6ª;MONTES CLAROS;5174900
2024;Fevereiro;6ª;BELO HORIZONTE;2315910,96
2024;Fevereiro;7ª;NITERÓI;112400
2024;Fevereiro;9ª;LONDRINA;1278688,8
2024;Fevereiro;9ª;CASCAVEL;8872202,8
2024;Fevereiro;9ª;CASCAVEL;14471,2
2024;Fevereiro;9ª;FOZ DO IGUAÇU;61171721,04
2024;Fevereiro;9ª;FOZ DO IGUAÇU;199232,2
2024;Fevereiro;9ª;CURITIBA;1813723,7
2024;Fevereiro;10ª;SANTO ÂNGELO;1184550
2024;Fevereiro;10ª;PORTO ALEGRE;1564900
2024;Março;1ª;GOIÂNIA;7257845
2024;Março;1ª;CAMPO GRANDE;7172327,7
2024;Março;2ª;BOA VISTA;50
2024;Março;3ª;FORTALEZA;880
2024;Março;4ª;RECIFE;5070730
2024;Março;4ª;JOÃO PESSOA;6240350
2024;Março;5ª;FEIRA DE SANTANA;183460
2024;Março;5ª;VITÓRIA DA CONQUISTA;87700
2024;Março;5ª;SALVADOR;1715000
2024;Março;6ª;VARGINHA;175000
2024;Março;8ª;AEROPORTO INTERNACIONAL DE SÃO PAULO;5351,97
2024;Março;8ª;SÃO PAULO;636315
2024;Março;9ª;CASCAVEL;1992000
2024;Março;9ª;PONTA GROSSA;2155589,2
2024;Março;9ª;MARINGÁ;13722587,9
2024;Março;9ª;FOZ DO IGUAÇU;2734
2024;Março;9ª;FOZ DO IGUAÇU;26503035,14
2024;Março;10ª;CAXIAS DO SUL;802000
2024;Março;10ª;SANTO ÂNGELO;596635
2024;Março;10ª;PORTO ALEGRE;1350
2024;Abril;1ª;GOIÂNIA;1172765,7
2024;Abril;3ª;FORTALEZA;250,2
2024;Abril;3ª;TERESINA;2142500
2024;Abril;8ª;BAURU;42834166,5
2024;Abril;8ª;BAURU;3412,5
2024;Abril;8ª;SÃO PAULO;2183577,34
2024;Abril;9ª;LONDRINA;4464712,71
2024;Abril;9ª;CASCAVEL;13440135,93
2024;Abril;9ª;PONTA GROSSA;2250155
2024;Abril;9ª;MARINGÁ;8107503,8
2024;Abril;9ª;FOZ DO IGUAÇU;48021761,24
2024;Abril;9ª;FOZ DO IGUAÇU;12797,2
2024;Abril;10ª;SANTA MARIA;115555
2024;Maio;2ª;BELÉM;7895187,4
2024;Maio;2ª;PORTO DE MANAUS;1160
2024;Maio;2ª;PORTO VELHO;172545
2024;Maio;4ª;MACEIÓ;57279,46
2024;Maio;6ª;MONTES CLAROS;155815
2024;Maio;7ª;NOVA IGUAÇU;123046
2024;Maio;7ª;NOVA IGUAÇU;9635
2024;Maio;7ª;PORTO DO RIO DE JANEIRO;1800
2024;Maio;9ª;LONDRINA;400,8
2024;Maio;9ª;CASCAVEL;6294650
2024;Maio;9ª;MARINGÁ;16147500
2024;Maio;9ª;CURITIBA;5275705
2024;Maio;10ª;URUGUAIANA;98,8
2024;junho;1ª;CAMPO GRANDE;8139660
2024;junho;1ª;MUNDO NOVO;9364233,9
2024;junho;1ª;MUNDO NOVO;5000
2024;junho;2ª;PORTO VELHO;83365,02
2024;junho;2ª;BOA VISTA;99,8
2024;junho;3ª;FORTALEZA;2430270
2024;junho;4ª;RECIFE;1018250
2024;junho;4ª;NATAL;28348575
2024;junho;4ª;JOÃO PESSOA;2069950
2024;junho;6ª;VARGINHA;83545
2024;junho;6ª;BELO HORIZONTE;1230570
2024;junho;7ª;NITERÓI;96960
2024;junho;7ª;VOLTA REDONDA;3500
2024;junho;8ª;BAURU;210
2024;junho;8ª;BAURU;14680965
2024;junho;8ª;SÃO JOSÉ DOS CAMPOS;344756,15
2024;junho;8ª;SÃO JOSÉ DOS CAMPOS;50,83
2024;junho;9ª;CASCAVEL;964000
2024;junho;9ª;PONTA GROSSA;957159,35
2024;junho;9ª;FOZ DO IGUAÇU;11307,96
2024;junho;9ª;FOZ DO IGUAÇU;14672600,5
2024;julho;1ª;PONTA PORÃ;7689171,9
2024;julho;1ª;PONTA PORÃ;15450
2024;julho;2ª;BELÉM;3750000
2024;julho;2ª;RIO BRANCO;419500
2024;julho;2ª;BOA VISTA;82385
2024;julho;3ª;FORTALEZA;1705000
2024;julho;4ª;JOÃO PESSOA;4463250
2024;julho;6ª;BELO HORIZONTE;5085600
2024;julho;6ª;BELO HORIZONTE;1068552
2024;julho;6ª;BELO HORIZONTE;494,7
2024;julho;8ª;BAURU;28591527,65
2024;julho;9ª;LONDRINA;11404548,7
2024;julho;9ª;CASCAVEL;7047019,09
2024;julho;9ª;CASCAVEL;2861,54
2024;julho;9ª;PONTA GROSSA;5075000
2024;julho;9ª;MARINGÁ;11932045,6
2024;julho;9ª;CURITIBA;2000000
2024;julho;9ª;FLORIANÓPOLIS;1680
2024;julho;9ª;FLORIANÓPOLIS;1429342,74
2024;julho;10ª;PELOTAS;3788475
2024;julho;10ª;URUGUAIANA;185908,65
2024;agosto;1ª;GOIÂNIA;3404212,02
2024;agosto;1ª;CAMPO GRANDE;6661725,8
2024;agosto;1ª;MUNDO NOVO;5912500
2024;agosto;1ª;PONTA PORÃ;3289400
2024;agosto;4ª;MACEIÓ;57500
2024;agosto;5ª;FEIRA DE SANTANA;376210,14
2024;agosto;6ª;BELO HORIZONTE;19462200
2024;agosto;7ª;NOVA IGUAÇU;640
2024;agosto;8ª;AEROPORTO INTERNACIONAL DE SÃO PAULO;5429,55
2024;agosto;8ª;AEROPORTO INTERNACIONAL DE SÃO PAULO;1945,8
2024;agosto;9ª;PONTA GROSSA;3608594,7
2024;agosto;9ª;FOZ DO IGUAÇU;31910361,89
2024;agosto;9ª;FOZ DO IGUAÇU;2139,2
2024;agosto;9ª;PORTO DE SÃO FRANCISCO DO SUL;5050
2024;agosto;10ª;PELOTAS;995354,2
2024;agosto;10ª;NOVO HAMBURGO;719735
2024;agosto;10ª;SANTO ÂNGELO;1264585
2024;agosto;10ª;PORTO ALEGRE;2327400
2024;setembro;1ª;MUNDO NOVO;4571394,2
2024;setembro;1ª;PALMAS;5519,8
2024;setembro;3ª;FORTALEZA;862150
2024;setembro;5ª;VITÓRIA DA CONQUISTA;1652550
2024;setembro;6ª;BELO HORIZONTE;2100
2024;setembro;6ª;BELO HORIZONTE;1249895
2024;setembro;8ª;BAURU;19571353,93
2024;setembro;8ª;SÃO PAULO;390
2024;setembro;8ª;SÃO PAULO;1756162,32
2024;setembro;9ª;MARINGÁ;10952571,4
2024;setembro;9ª;MARINGÁ;135800
2024;setembro;9ª;JOAÇABA;30
2024;setembro;9ª;JOAÇABA;1054983,5
2024;setembro;10ª;SANTA MARIA;2319593,36
2024;setembro;10ª;CAXIAS DO SUL;188355,56
2024;setembro;10ª;NOVO HAMBURGO;390510
2024;setembro;10ª;URUGUAIANA;556,9
2024;setembro;10ª;PORTO DE RIO GRANDE;400000
2024;Outubro;1ª;CUIABÁ;3146124,79
2024;Outubro;1ª;PONTA PORÃ;3788680
2024;Outubro;2ª;BOA VISTA;55
2024;Outubro;3ª;FORTALEZA;9550
2024;Outubro;3ª;TERESINA;5051827,6
2024;Outubro;4ª;NATAL;2672,73
2024;Outubro;4ª;JOÃO PESSOA;15082488,5
2024;Outubro;6ª;VARGINHA;125255
2024;Outubro;7ª;NOVA IGUAÇU;518,6
2024;Outubro;7ª;NOVA IGUAÇU;124200
2024;Outubro;8ª;BAURU;41132883,35
2024;Outubro;9ª;LONDRINA;4811426,16
2024;Outubro;9ª;PONTA GROSSA;45
2024;Outubro;9ª;PONTA GROSSA;1766643,63
2024;Outubro;9ª;MARINGÁ;13006189,2
2024;Outubro;9ª;FOZ DO IGUAÇU;40513735,87
2024;Outubro;9ª;FOZ DO IGUAÇU;41256,65
2024;Outubro;9ª;JOAÇABA;85050
2024;Outubro;9ª;PORTO DE ITAJAÍ;1276319,98
2024;Outubro;9ª;PORTO DE ITAJAÍ;45
2024;Outubro;9ª;DIONÍSIO CERQUEIRA;2429925
2024;Outubro;10ª;PELOTAS;1170335
2024;Outubro;10ª;NOVO HAMBURGO;435
2024;Outubro;10ª;NOVO HAMBURGO;26590
2024;Outubro;10ª;PORTO ALEGRE;50
2024;Novembro;2ª;PORTO DE MANAUS;124299,98
2024;Novembro;2ª;PORTO VELHO;4500
2024;Novembro;2ª;BOA VISTA;185,77
2024;Novembro;2ª;BOA VISTA;5271,5
2024;Novembro;3ª;TERESINA;4264215
2024;Novembro;5ª;VITÓRIA DA CONQUISTA;2587050
2024;Novembro;5ª;SALVADOR;2100
2024;Novembro;5ª;SALVADOR;3859485
2024;Novembro;8ª;BAURU;30517842,5
2024;Novembro;8ª;BAURU;7900
2024;Novembro;8ª;SÃO PAULO;2946965
2024;Novembro;8ª;SÃO PAULO;1450
2024;Novembro;9ª;CASCAVEL;6194881,1
2024;Novembro;9ª;CASCAVEL;78277,85
2024;Novembro;9ª;PONTA GROSSA;4830916,4
2024;Novembro;9ª;FOZ DO IGUAÇU;8648,06
2024;Novembro;9ª;FOZ DO IGUAÇU;25248686,1
2024;Novembro;9ª;CURITIBA;2482495
2024;Novembro;9ª;JOINVILLE;90
2024;Novembro;9ª;JOINVILLE;185780,44
2024;Novembro;10ª;SANTO ÂNGELO;1575700,7
2024;Dezembro;1ª;GOIÂNIA;2462619,28
2024;Dezembro;1ª;MUNDO NOVO;17272755
2024;Dezembro;1ª;PONTA PORÃ;6467855,3
2024;Dezembro;2ª;MACAPÁ;1990
2024;Dezembro;2ª;PORTO VELHO;220625,2
2024;Dezembro;3ª;FORTALEZA;1150575
2024;Dezembro;4ª;RECIFE;8050
2024;Dezembro;5ª;FEIRA DE SANTANA;640304,7
2024;Dezembro;5ª;VITÓRIA DA CONQUISTA;2706178,5
2024;Dezembro;6ª;BELO HORIZONTE;980597,8
2024;Dezembro;6ª;BELO HORIZONTE;4872
2024;Dezembro;8ª;BAURU;14850136,5
2024;Dezembro;8ª;SÃO PAULO;1012375,5
2024;Dezembro;9ª;LONDRINA;4403672,4
2024;Dezembro;9ª;CASCAVEL;6809737,56
2024;Dezembro;9ª;CASCAVEL;910
2024;Dezembro;9ª;MARINGÃ;11054750
2024;Dezembro;9ª;CURITIBA;6030157,5
2024;Dezembro;9ª;JOAÇABA;314825
2024;Dezembro;9ª;DIONÍSIO CERQUEIRA;200891
2024;Dezembro;10ª;CAXIAS DO SUL;65000
2024;Dezembro;10ª;URUGUAIANA;98305,3
2025;Janeiro;1ª;SUPERINTENDÊNCIA REGIONAL DA RECEITA FEDERAL DO BRASIL DA 1ª REGIÃO FISCAL;3012580
2025;Janeiro;1ª;CAMPO GRANDE;8632250
2025;Janeiro;2ª;PORTO VELHO;7966,5
2025;Janeiro;4ª;JOÃO PESSOA;140
2025;Janeiro;6ª;BELO HORIZONTE;2927525
2025;Janeiro;8ª;BAURU;9694327,2
2025;Janeiro;8ª;JUNDIAÍ;5225
2025;Janeiro;8ª;AEROPORTO INTERNACIONAL DE SÃO PAULO;720,9
2025;Janeiro;8ª;AEROPORTO INTERNACIONAL DE SÃO PAULO;3418,16
2025;Janeiro;8ª;AEROPORTO INTERNACIONAL DE SÃO PAULO;6694,48
2025;Janeiro;8ª;SÃO PAULO;541088
2025;Janeiro;9ª;FOZ DO IGUAÇU;3599044,79
2025;Janeiro;9ª;FOZ DO IGUAÇU;5510,96
2025;Fevereiro;1ª;MUNDO NOVO;13273694,82
2025;Fevereiro;1ª;MUNDO NOVO;2650
2025;Fevereiro;2ª;PORTO VELHO;148750
2025;Fevereiro;3ª;FORTALEZA;1402500
2025;Fevereiro;6ª;BELO HORIZONTE;5167000
2025;Fevereiro;7ª;RIO DE JANEIRO;30975
2025;Fevereiro;9ª;MARINGÁ;13984322
2025;Fevereiro;9ª;DIONÍSIO CERQUEIRA;2302685
2025;março;1ª;PONTA PORÃ;11148456,9
2025;março;2ª;PORTO VELHO;1054642,9
2025;março;2ª;PORTO VELHO;40455,28
2025;março;7ª;AEROPORTO INTERNACIONAL DO GALEÃO;7006,74
2025;março;7ª;AEROPORTO INTERNACIONAL DO GALEÃO;2481,48
2025;março;8ª;BAURU;11298360
2025;março;8ª;SÃO PAULO;51,44
2025;março;8ª;SÃO PAULO;920957
2025;março;9ª;LONDRINA;10823750
2025;março;9ª;CASCAVEL;42463,5
2025;março;9ª;CASCAVEL;7474543,79
2025;março;9ª;FOZ DO IGUAÇU;12380818,11
2025;março;9ª;FOZ DO IGUAÇU;8587,4
2025;março;9ª;JOAÇABA;609470,38
2025;março;10ª;SUPERINTENDÊNCIA REGIONAL DA RECEITA FEDERAL DO BRASIL DA 10ª REGIÃO FISCAL;37500
2025;março;10ª;URUGUAIANA;121
2025;abril;1ª;MUNDO NOVO;6352241,3
2025;abril;1ª;PONTA PORÃ;3261700
2025;abril;2ª;PORTO DE MANAUS;1170
2025;abril;2ª;RIO BRANCO;692475,5
2025;abril;2ª;PORTO VELHO;24268,72
2025;abril;2ª;BOA VISTA;290
2025;abril;3ª;FORTALEZA;711450
2025;abril;7ª;RIO DE JANEIRO;5030
2025;abril;9ª;CASCAVEL;2370985,4
2025;abril;9ª;FLORIANÓPOLIS;12
2025;abril;9ª;FLORIANÓPOLIS;1473805,6
2025;abril;10ª;SUPERINTENDÊNCIA REGIONAL DA RECEITA FEDERAL DO BRASIL DA 10ª REGIÃO FISCAL;130500
2025;abril;10ª;PELOTAS;72650
2025;abril;10ª;SANTO ÂNGELO;1148290
